run_id,macro_f1,timestamp
demo,0.0,1752646164
demo,0.0,1752646196
demo,0.0,1752646310
demo,0.0,1752646391
demo,0.0,1752646449
is-dea,0.0,1752680717
km,0.0,1752680717
ipsftsame,0.0,1752680717
pdtti-assam,0.0,1752680718
tlmvvcs,0.0,1752680718
ipatipo,0.0,1752680718
sswc-hlwb,0.0,1752680718
pm-kusum,0.0,1752680722
ifbpdap,0.0,1752680733
kmys2016,0.0,1752680734
jjm,0.0,1752680734
asd,0.0,1752680734
mcm-min,0.0,1752680734
dbwmwaaaw,0.0,1752680734
pmsy,0.0,1752680735
ei-mesifai-vi,0.0,1752680737
tlsbc,0.0,1752680748
sfmcas-glwb,0.0,1752680749
fatpomo2t5ffttfc,0.0,1752680749
doh,0.0,1752680749
faspscccsnppsdppie,0.0,1752680749
spy-gbocwwb,0.0,1752680749
farppgmc,0.0,1752680749
spytis-i,0.0,1752680752
dcpf,0.0,1752680762
nassvssa,0.0,1752680762
pmmvy,0.0,1752680762
ehstgs,0.0,1752680762
myuy,0.0,1752680762
skbhcs,0.0,1752680763
ss-kerala,0.0,1752680763
pbcw,0.0,1752680767
40shydcs,0.0,1752680816
sqc-mesifai-vi,0.0,1752680816
mgy,0.0,1752680816
eas-glwb,0.0,1752680816
namo-shetkari-mahasanman-nidhi-yojana,0.0,1752680816
mbsapbandocwwb,0.0,1752680816
suh,0.0,1752680816
wbisistl,0.0,1752680816
spfappbga,0.0,1752680830
sfgatsaicaf,0.0,1752680831
nscs,0.0,1752680831
igpbssny,0.0,1752680831
nskbgc,0.0,1752680831
bpsaopsgy,0.0,1752680831
ma-pbaocwwb,0.0,1752680831
fascfr,0.0,1752680831
msveay,0.0,1752680843
nta,0.0,1752680845
sfcssuds,0.0,1752680845
sl,0.0,1752680845
amcmcy,0.0,1752680845
semiampdnp,0.0,1752680845
tdupw,0.0,1752680846
pmssc,0.0,1752680846
fampscb,0.0,1752680857
tfefvs,0.0,1752680859
soetya,0.0,1752680859
uatdap,0.0,1752680859
msssy,0.0,1752680859
bsmssy,0.0,1752680859
wmcl,0.0,1752680860
bowbwodapd,0.0,1752680860
bawesmw-sw,0.0,1752680872
adtwip,0.0,1752680874
rpsy,0.0,1752680874
maps,0.0,1752680874
dspy,0.0,1752680875
srhmsy,0.0,1752680875
daay,0.0,1752680875
fakmfs,0.0,1752680875
gpt-hbocwwb,0.0,1752680887
ptwadw,0.0,1752680888
hmdg,0.0,1752680889
bs-hbocwwb,0.0,1752680889
wise-pdf,0.0,1752680889
dsctassgcsccm,0.0,1752680889
cdpnersgn,0.0,1752680889
stptc,0.0,1752680889
as-fadw,0.0,1752680901
jjoaps,0.0,1752680902
gwpss,0.0,1752680903
gs-tn,0.0,1752680903
issspwd,0.0,1752680903
faecrw-hbocwwb,0.0,1752680903
gstn,0.0,1752680903
ps-tn,0.0,1752680903
ipsacesw,0.0,1752680915
nikshay,0.0,1752680916
wise-phd,0.0,1752680916
srrna,0.0,1752680916
ps-west-bengal,0.0,1752680916
pm,0.0,1752680917
mmvpy,0.0,1752680917
ismpsistl,0.0,1752680917
ccsnfpfscsmap,0.0,1752680929
ksmsmerrs,0.0,1752680930
jvvd,0.0,1752680930
giango,0.0,1752680930
gnc,0.0,1752680931
apch-gbocwwb,0.0,1752680931
jrmbs,0.0,1752680931
sasss,0.0,1752680931
adtwspe,0.0,1752680943
sbm-g-i,0.0,1752680944
pvpmc,0.0,1752680944
faalwd-hlwb,0.0,1752680944
affdf,0.0,1752680944
iaf,0.0,1752680945
vtvscsgit,0.0,1752680945
gpaiscw,0.0,1752680945
nbhm,0.0,1752680957
pmsvs-maharashtra,0.0,1752680958
pmms,0.0,1752680958
haritha-haram,0.0,1752680958
naospasa-beidowagpasa,0.0,1752680958
aksphssy,0.0,1752680959
kky,0.0,1752680959
spay,0.0,1752680959
dfmkftcw,0.0,1752680970
fas-pbaocwwb,0.0,1752680973
scs-goa,0.0,1752680973
rctpm,0.0,1752680973
hrs,0.0,1752680973
va,0.0,1752680973
metfmaiso,0.0,1752680973
kccy,0.0,1752680973
psfgdlp,0.0,1752680984
mmsy,0.0,1752680987
ami,0.0,1752680987
ipstsaffs,0.0,1752680987
sskerala,0.0,1752680987
astpss,0.0,1752680987
sacipsctmrgiia,0.0,1752680987
cm-cab,0.0,1752680987
css-nos-st,0.0,1752680997
radrs,0.0,1752681000
vtdwag,0.0,1752681001
uasukbocwwb,0.0,1752681001
airavata,0.0,1752681001
nskvmyhvphvbkpy,0.0,1752681001
mkuy,0.0,1752681001
wbmwwsc,0.0,1752681001
dslas,0.0,1752681010
nsfpgs,0.0,1752681013
mgs-tbocwwb,0.0,1752681014
spk,0.0,1752681014
pre-dis,0.0,1752681014
aadtsrs,0.0,1752681014
ipssrsd,0.0,1752681014
oms,0.0,1752681015
mhh,0.0,1752681022
pcds,0.0,1752681026
spgjotgiambmt,0.0,1752681026
sdaanbocwwb,0.0,1752681026
sy,0.0,1752681026
apmsspeuo,0.0,1752681026
sscttti,0.0,1752681027
feftcwwb,0.0,1752681028
ky-smsp,0.0,1752681035
gccsa-dc,0.0,1752681039
aicte-ssss,0.0,1752681039
mbcy,0.0,1752681040
ecdhs,0.0,1752681040
mranmas-ii,0.0,1752681040
cmksy,0.0,1752681040
gbs,0.0,1752681041
bsyrj,0.0,1752681048
larlbas,0.0,1752681052
tdpspdstgmisg,0.0,1752681052
mmkvymp,0.0,1752681053
pfts,0.0,1752681053
ddtmcp,0.0,1752681053
cdpnercc,0.0,1752681054
csspremsobcsi,0.0,1752681054
iamanak,0.0,1752681060
ipsfaci,0.0,1752681064
fsrpp,0.0,1752681065
mnsdsy,0.0,1752681065
ignwps,0.0,1752681065
idex,0.0,1752681066
mbjy,0.0,1752681066
ptlt,0.0,1752681068
ggs-glwb,0.0,1752681074
cklpr,0.0,1752681078
otca-bbdp,0.0,1752681078
makssy,0.0,1752681078
csusme-to,0.0,1752681079
mabay,0.0,1752681079
spesp,0.0,1752681079
cssrbl,0.0,1752681080
tlnskfdch,0.0,1752681085
bsccs,0.0,1752681090
braany,0.0,1752681091
naari,0.0,1752681091
py-jbocwwb,0.0,1752681091
frs,0.0,1752681091
dpmss,0.0,1752681091
cmst-sfapinf,0.0,1752681093
hag-sw,0.0,1752681097
kvdgssy,0.0,1752681102
nhdpsc,0.0,1752681103
cmdes,0.0,1752681103
spytis-ii,0.0,1752681103
sfapdchh,0.0,1752681103
mkyh,0.0,1752681104
mmus,0.0,1752681104
spsfaoce,0.0,1752681110
mmpyu,0.0,1752681116
icmr-jrf,0.0,1752681116
bse-pec,0.0,1752681116
cvy-emps,0.0,1752681116
dbsheo,0.0,1752681116
fmcmp,0.0,1752681116
wbsccs,0.0,1752681117
fawvpmdc-hlwb,0.0,1752681123
nwa,0.0,1752681129
a-gainer,0.0,1752681129
tkspbocwwb,0.0,1752681129
dduby,0.0,1752681129
gks,0.0,1752681129
edssgc,0.0,1752681129
sa-affdf,0.0,1752681130
stkk,0.0,1752681135
modrob,0.0,1752681141
ndriis,0.0,1752681142
wdwps,0.0,1752681142
ssscsitipcsvs,0.0,1752681142
aapd,0.0,1752681142
ysrln,0.0,1752681143
obd,0.0,1752681144
snsu,0.0,1752681148
us,0.0,1752681155
ams,0.0,1752681155
docsos,0.0,1752681155
gaoah,0.0,1752681155
suman,0.0,1752681155
ismole,0.0,1752681156
sdps,0.0,1752681156
mmkssy-assam,0.0,1752681161
himcare,0.0,1752681167
wdenp,0.0,1752681168
subsidy-scheme-for-taxi,0.0,1752681168
brg,0.0,1752681169
sehtmdu,0.0,1752681169
ngausy,0.0,1752681169
skscy,0.0,1752681170
dgbs-pbaocwwb,0.0,1752681175
akmeds,0.0,1752681181
matnpmsahip,0.0,1752681181
faewcpsa-hlwb,0.0,1752681181
apchapbandocwwb,0.0,1752681182
pmay-g,0.0,1752681182
sm,0.0,1752681182
mmvsy,0.0,1752681183
vvuy,0.0,1752681187
sui,0.0,1752681192
mssfsbu,0.0,1752681193
wbafbsgics,0.0,1752681194
stadspecm,0.0,1752681194
spaddap,0.0,1752681195
sjay-hp,0.0,1752681195
fhdfh,0.0,1752681196
mmpy,0.0,1752681199
vi,0.0,1752681206
cmfm,0.0,1752681206
sstsppc,0.0,1752681206
cisphpes-mesifai,0.0,1752681207
tloiis,0.0,1752681208
post-dis,0.0,1752681208
amakcbkassistance-for-major-ailments-karmika-chikitsa-bhagya-kbocwwb,0.0,1752681209
db-gbocwwb,0.0,1752681211
pm-gkay,0.0,1752681220
placlao,0.0,1752681220
fawwwwmwmhlwb,0.0,1752681220
byea,0.0,1752681220
favct,0.0,1752681221
pm-kisan,0.0,1752681222
wise-scope-fellowship,0.0,1752681223
scdicmd,0.0,1752681225
pmay-u,0.0,1752681234
caabocwwb,0.0,1752681234
gny,0.0,1752681234
bbhs,0.0,1752681234
spfhavip,0.0,1752681235
mas,0.0,1752681236
asodgbocwwb,0.0,1752681237
pocra,0.0,1752681240
fseg,0.0,1752681247
favia,0.0,1752681248
mswcfpawcp,0.0,1752681248
ags,0.0,1752681248
oapsp,0.0,1752681250
sipocagi,0.0,1752681250
cwsiass,0.0,1752681250
mupssee,0.0,1752681257
speoepsgug,0.0,1752681260
srmp,0.0,1752681261
sevtgi,0.0,1752681261
mszcs,0.0,1752681261
sfacohcssefc,0.0,1752681263
mdoc,0.0,1752681264
rmewf-vocational-training,0.0,1752681264
madilu,0.0,1752681269
syssr,0.0,1752681272
gas,0.0,1752681273
ascrncaeaonima,0.0,1752681273
tls-cl1mc,0.0,1752681273
rgssspf-2012,0.0,1752681275
hfta-giapsca,0.0,1752681276
sspmphmrp,0.0,1752681276
chcdp,0.0,1752681282
stypsstdpdcs,0.0,1752681284
fcscgsssixssy,0.0,1752681285
labs-glwb,0.0,1752681286
ehsap,0.0,1752681286
gshhs,0.0,1752681288
kdpckv,0.0,1752681289
oap,0.0,1752681290
rcpppms,0.0,1752681293
anioaas,0.0,1752681297
pfmeiiao,0.0,1752681297
cmsguy,0.0,1752681297
fae-c,0.0,1752681297
atesgephmschrt4,0.0,1752681300
dtu-cmsguy,0.0,1752681300
cmcalss,0.0,1752681301
mamata,0.0,1752681305
sgscs,0.0,1752681308
srmsmeghalaya,0.0,1752681309
mkvy,0.0,1752681309
pmssrpf,0.0,1752681310
ysrjk,0.0,1752681313
sotooc,0.0,1752681313
btehabwodap,0.0,1752681314
aopk,0.0,1752681316
samruddhischeme,0.0,1752681321
ssychh,0.0,1752681321
dshaspbocwwb,0.0,1752681322
ddaps,0.0,1752681322
pa-mp,0.0,1752681325
kscste-ess,0.0,1752681326
py,0.0,1752681327
cmat-sada,0.0,1752681328
nspybocwwb,0.0,1752681332
gassutpssatn,0.0,1752681333
gmgmach,0.0,1752681333
arsls,0.0,1752681333
gwwh,0.0,1752681336
owjws,0.0,1752681338
aipps-mesifai-vi,0.0,1752681338
fimdgc,0.0,1752681339
vetls,0.0,1752681345
fssaiis,0.0,1752681346
dr-tbocwwb,0.0,1752681346
wbmwwsad,0.0,1752681346
fapgsprg,0.0,1752681348
ipsapiea,0.0,1752681350
faisbscbc,0.0,1752681351
gpmsup,0.0,1752681352
ntkjky,0.0,1752681357
pm-poshan,0.0,1752681358
gitanjali-housing,0.0,1752681358
sppy,0.0,1752681358
parfdap,0.0,1752681360
prerana,0.0,1752681363
msdsuyps,0.0,1752681364
hr-hrr,0.0,1752681364
lbsspy,0.0,1752681369
ipstasfpi,0.0,1752681370
famapbandocwwb,0.0,1752681370
kspyscg,0.0,1752681371
sara,0.0,1752681371
cife-if,0.0,1752681375
haps,0.0,1752681376
ms,0.0,1752681376
mbcbocwwb,0.0,1752681382
csispwd,0.0,1752681382
maddapp-i,0.0,1752681382
tlscl2mc,0.0,1752681383
sire,0.0,1752681383
tkgthe,0.0,1752681387
dalit-bandhu,0.0,1752681388
cuy,0.0,1752681389
ffsfm,0.0,1752681392
mss,0.0,1752681394
faanbocwwb,0.0,1752681394
vajra,0.0,1752681394
lascvjs,0.0,1752681395
sfgatjsicat,0.0,1752681398
kbky,0.0,1752681399
cis-mesifa-cii,0.0,1752681400
is-dea,0.0,1752681403
ipsftsame,0.0,1752681407
km,0.0,1752681407
tlmvvcs,0.0,1752681407
pdtti-assam,0.0,1752681407
ipatipo,0.0,1752681410
sswc-hlwb,0.0,1752681413
pm-kusum,0.0,1752681415
kmys2016,0.0,1752681416
jjm,0.0,1752681419
asd,0.0,1752681419
ifbpdap,0.0,1752681419
dbwmwaaaw,0.0,1752681420
mcm-min,0.0,1752681423
pmsy,0.0,1752681424
ei-mesifai-vi,0.0,1752681426
tlsbc,0.0,1752681428
sfmcas-glwb,0.0,1752681431
fatpomo2t5ffttfc,0.0,1752681432
doh,0.0,1752681432
faspscccsnppsdppie,0.0,1752681432
spy-gbocwwb,0.0,1752681435
farppgmc,0.0,1752681437
spytis-i,0.0,1752681440
dcpf,0.0,1752681441
nassvssa,0.0,1752681444
pmmvy,0.0,1752681444
ehstgs,0.0,1752681445
myuy,0.0,1752681445
skbhcs,0.0,1752681448
ss-kerala,0.0,1752681450
pbcw,0.0,1752681453
ghfwwgs,0.0,1752681454
sffrfse,0.0,1752681457
dddrs,0.0,1752681458
nift,0.0,1752681458
nssky,0.0,1752681459
ssfgcojmmw,0.0,1752681460
aduw-hbocwwb,0.0,1752681461
pmatcs,0.0,1752681465
madp,0.0,1752681467
gh,0.0,1752681469
malmtc,0.0,1752681471
nais,0.0,1752681471
dbrasa,0.0,1752681471
fadesm,0.0,1752681472
fataps,0.0,1752681474
gmkhsps,0.0,1752681477
scafe,0.0,1752681480
kcr-nutrition-kit,0.0,1752681483
dpwb,0.0,1752681484
dbabocwwb,0.0,1752681485
pmcup,0.0,1752681485
megp,0.0,1752681486
wrflsncs-fbps,0.0,1752681487
wdbwodapd,0.0,1752681489
dcps,0.0,1752681493
maftcwsbw,0.0,1752681495
pudhumai-penn-scheme,0.0,1752681497
pomis,0.0,1752681498
nielitip,0.0,1752681498
prowis-ii,0.0,1752681500
psscsscspms,0.0,1752681501
cohaftcw,0.0,1752681501
isepqisrdceoplccn,0.0,1752681506
apepc,0.0,1752681508
kv,0.0,1752681510
ismpswfwa,0.0,1752681511
fadbtac,0.0,1752681511
bis,0.0,1752681514
speoselummapuy,0.0,1752681515
svmcms,0.0,1752681515
dr,0.0,1752681518
bsaavy,0.0,1752681520
msps,0.0,1752681522
fapllf,0.0,1752681522
mvspkdpy,0.0,1752681524
fgrmb-faascdmf,0.0,1752681526
pgssgategpatqsaicte,0.0,1752681526
msasy,0.0,1752681527
apy,0.0,1752681530
say,0.0,1752681532
donpv,0.0,1752681534
nps-tsep,0.0,1752681535
aems,0.0,1752681536
pmssfm,0.0,1752681538
ddwps,0.0,1752681539
isssoap,0.0,1752681539
obdtdaattnau,0.0,1752681541
bll,0.0,1752681543
spmssc910,0.0,1752681546
mnssy,0.0,1752681546
ksis,0.0,1752681548
naospasa-oai,0.0,1752681550
ai-tgses,0.0,1752681551
ivri-is,0.0,1752681551
sasbma,0.0,1752681553
msme-stes,0.0,1752681556
fakomd-hsb,0.0,1752681558
mjspy,0.0,1752681558
assgsdra,0.0,1752681560
eaphdsgbocwwb,0.0,1752681562
dacsspostmsebcs,0.0,1752681563
icms,0.0,1752681564
fig,0.0,1752681565
nos-swd,0.0,1752681567
smtwoc,0.0,1752681570
ips,0.0,1752681571
cels-s,0.0,1752681572
sds-pbaocwwb,0.0,1752681575
sruw,0.0,1752681576
srsn,0.0,1752681576
wbtisiee,0.0,1752681577
fappesm,0.0,1752681579
bmssy,0.0,1752681582
ysrrb,0.0,1752681584
runcpp-pbaocwwb,0.0,1752681585
mcfnskfdc-h,0.0,1752681588
thasp,0.0,1752681588
hpmfd,0.0,1752681589
nn,0.0,1752681590
kpy,0.0,1752681592
unnati,0.0,1752681595
maftcw,0.0,1752681597
midh,0.0,1752681597
mrnmspy,0.0,1752681600
fesmwpnie,0.0,1752681600
rcmrf-kp,0.0,1752681601
mvp,0.0,1752681602
rphdsscsts,0.0,1752681603
ipt,0.0,1752681606
ma,0.0,1752681609
gpabocwwb,0.0,1752681609
sfaddta,0.0,1752681613
uhkspbocwwb,0.0,1752681613
ignoapsch,0.0,1752681614
sgpbj,0.0,1752681615
gifogc-fp,0.0,1752681616
mranmas1,0.0,1752681619
klpbs,0.0,1752681620
stpmsc,0.0,1752681621
fatcdhbocwwb,0.0,1752681625
big,0.0,1752681626
cmaay,0.0,1752681626
pkvy,0.0,1752681627
pdpspbocwwb,0.0,1752681629
mkkpy,0.0,1752681632
scpmsc,0.0,1752681633
fp-gbocwwb,0.0,1752681634
r-cf,0.0,1752681637
bbsa,0.0,1752681638
bse-pg,0.0,1752681639
bpba,0.0,1752681639
nsakppy,0.0,1752681640
nccsis,0.0,1752681645
isa,0.0,1752681647
wrflsncs-idra,0.0,1752681648
msybc,0.0,1752681650
sapwdpfaa,0.0,1752681650
msvy,0.0,1752681653
mvspy,0.0,1752681653
fadcs,0.0,1752681654
gspaa-dfwasaofbc,0.0,1752681656
fapsdhacbocwwb,0.0,1752681661
cvcis,0.0,1752681661
shssd,0.0,1752681663
sfacdrcw,0.0,1752681663
gbwodapd,0.0,1752681665
grama-jyothi,0.0,1752681665
skhvc,0.0,1752681667
shw,0.0,1752681668
dpbbocwwb,0.0,1752681674
eacpppc,0.0,1752681674
deisrs,0.0,1752681675
sgs,0.0,1752681675
tpsftbp,0.0,1752681678
ns,0.0,1752681679
nap-sdp,0.0,1752681679
pdca,0.0,1752681681
aaby,0.0,1752681685
sgstsc9t10,0.0,1752681687
assy,0.0,1752681687
jnkmdsy,0.0,1752681687
kvps,0.0,1752681691
dsrupdf,0.0,1752681692
pmsby,0.0,1752681693
ggssnc-goa,0.0,1752681693
kyp,0.0,1752681698
seasukbocwwb,0.0,1752681699
gssvhhi,0.0,1752681699
ttcss,0.0,1752681699
mkku,0.0,1752681703
vstspdec,0.0,1752681704
assp,0.0,1752681705
piatibft,0.0,1752681705
facw,0.0,1752681709
fmtaspsstc,0.0,1752681710
sebpummapuy,0.0,1752681711
gps,0.0,1752681711
uas,0.0,1752681715
bpgy,0.0,1752681717
fas-pulws,0.0,1752681717
fahfptihbocwwb,0.0,1752681721
cmossm,0.0,1752681722
ignoapsb,0.0,1752681722
wbsaboojsathi,0.0,1752681723
mcfnsfdc,0.0,1752681724
sspftdp,0.0,1752681728
dog,0.0,1752681730
ay,0.0,1752681731
sdgtbpcccc,0.0,1752681734
fafspup,0.0,1752681735
pb-gbocwwb,0.0,1752681736
sgiavowwst,0.0,1752681737
lly,0.0,1752681737
ak,0.0,1752681741
wbmwwsda,0.0,1752681743
irdpp-rihrdu,0.0,1752681743
ky,0.0,1752681747
htaschrt4,0.0,1752681748
sebwodap,0.0,1752681749
sby,0.0,1752681750
asy,0.0,1752681751
rcmrf-mh,0.0,1752681753
wbtisswcec,0.0,1752681755
bmfe,0.0,1752681756
sopaatdapwhsn,0.0,1752681760
is-mesifai,0.0,1752681760
dmadls,0.0,1752681762
opetfesime-mp,0.0,1752681763
pdunwfs,0.0,1752681764
uyegp,0.0,1752681766
atesgephmgchrt2,0.0,1752681768
css,0.0,1752681769
dor,0.0,1752681772
ignvpyr,0.0,1752681773
cs-tn,0.0,1752681774
htasthrt3,0.0,1752681776
ftthip,0.0,1752681777
peacetp,0.0,1752681779
ipr,0.0,1752681780
ueas,0.0,1752681781
ksp,0.0,1752681784
awwfu,0.0,1752681785
uwps,0.0,1752681787
bnlbks,0.0,1752681789
cbsp-hsrt,0.0,1752681790
ds,0.0,1752681792
mbabocwwb,0.0,1752681792
sms,0.0,1752681794
adthsg,0.0,1752681795
mmacy,0.0,1752681798
ksy,0.0,1752681799
dpgsssscl,0.0,1752681801
fae-hsb,0.0,1752681801
tipii,0.0,1752681804
pofaftcw,0.0,1752681805
ae,0.0,1752681806
sfacfippr,0.0,1752681808
cfpgs,0.0,1752681811
cdpnerwa,0.0,1752681812
ismpsspr,0.0,1752681813
osc,0.0,1752681813
mmky,0.0,1752681815
dls,0.0,1752681816
obcpms,0.0,1752681819
iasirfa-sw,0.0,1752681820
sreehispshecioutp,0.0,1752681822
pmsm,0.0,1752681824
gmmacl-ds,0.0,1752681825
nsmedsy,0.0,1752681825
nos-sc,0.0,1752681828
njcfts,0.0,1752681829
dprw-hbocwwb,0.0,1752681832
serbpowerf,0.0,1752681833
ota-sfi,0.0,1752681835
pkvksfatfedap,0.0,1752681836
bpsaesj,0.0,1752681837
catn,0.0,1752681837
mraspsly,0.0,1752681840
kaabocwwb,0.0,1752681841
sdas,0.0,1752681843
marriage-of-daughter-of-sc-widow,0.0,1752681844
atd,0.0,1752681846
slswe,0.0,1752681847
oapc,0.0,1752681848
btlpdfp,0.0,1752681849
sbvcydpsc,0.0,1752681853
gfaffeoadp,0.0,1752681855
sslgiangiaimuif,0.0,1752681858
skksbpa,0.0,1752681859
mrbpy,0.0,1752681861
makimstc,0.0,1752681862
badp,0.0,1752681864
faftcwsb,0.0,1752681865
atmtrmr,0.0,1752681867
mafa,0.0,1752681869
ddanwrasii,0.0,1752681871
pvcppd,0.0,1752681873
bmsmesgst,0.0,1752681876
pseshsfdc,0.0,1752681877
fansgdcs,0.0,1752681879
itg,0.0,1752681880
vtcta,0.0,1752681882
pybihar,0.0,1752681883
sdt-15drpltpws,0.0,1752681886
plgsfsbu,0.0,1752681887
ppy-jbocwwb,0.0,1752681890
patss,0.0,1752681891
niti-i,0.0,1752681894
mjsyakm,0.0,1752681895
petro-subsidy-for-disabled,0.0,1752681896
ipsftsvmu,0.0,1752681898
wphbocwwb,0.0,1752681900
rclpmis,0.0,1752681902
llbip,0.0,1752681905
sdt-90drsdtp,0.0,1752681905
trsps,0.0,1752681909
ndr-tbocwwb,0.0,1752681909
fapsubnc1t12cw-hlwb,0.0,1752681909
fdbcsc,0.0,1752681913
spdmtfptantner,0.0,1752681915
ddmcs,0.0,1752681916
ssiemafst,0.0,1752681920
cmsrcis,0.0,1752681921
sjfs,0.0,1752681924
daors-hlwb,0.0,1752681924
mssp-vm,0.0,1752681924
faptchbocwwb,0.0,1752681927
rmas,0.0,1752681927
cmwrs,0.0,1752681930
gshtn,0.0,1752681933
naospasa-bircarsadu,0.0,1752681933
apdccsifdsgc,0.0,1752681936
e-ggdcapfp,0.0,1752681937
cvy-sumcy,0.0,1752681937
pscp,0.0,1752681945
oecp-mea,0.0,1752681946
omps,0.0,1752681947
uatdp,0.0,1752681950
fspip,0.0,1752681951
jcbs,0.0,1752681954
ars,0.0,1752681954
ignvpy,0.0,1752681954
mcmlfas,0.0,1752681960
hpsitc,0.0,1752681960
ismpsswcec,0.0,1752681962
sppms,0.0,1752681963
hsjps,0.0,1752681964
dsaicmas,0.0,1752681968
rpa,0.0,1752681968
sprcddrbw,0.0,1752681969
sfgsss,0.0,1752681974
fasetdp,0.0,1752681974
iaicmc,0.0,1752681977
jkrmy,0.0,1752681980
cdpnerqucdy,0.0,1752681982
kalia,0.0,1752681983
naepwdnaieepwddklspa,0.0,1752681984
jt,0.0,1752681984
pmfdr,0.0,1752681989
tcptc,0.0,1752681990
sseg10scp,0.0,1752681991
avowwobc,0.0,1752681993
cctofp,0.0,1752681995
psfa,0.0,1752681996
ueeupwd,0.0,1752681997
sisfs-fi,0.0,1752681997
ptascsss1112ss,0.0,1752682001
rtif,0.0,1752682003
ipmptb,0.0,1752682004
ssmpsn,0.0,1752682007
mta,0.0,1752682010
fmh,0.0,1752682010
jssk,0.0,1752682010
dan,0.0,1752682011
fatpsfha,0.0,1752682015
wos-b,0.0,1752682018
ngy,0.0,1752682019
fmscspscc,0.0,1752682020
ysrvm,0.0,1752682024
pmfby,0.0,1752682024
gmwesma-lsg,0.0,1752682024
ds-aandn,0.0,1752682025
ddugku,0.0,1752682027
wbisscis,0.0,1752682031
maapbandocwwb,0.0,1752682031
isdane,0.0,1752682033
cbtfw60ya-p,0.0,1752682037
nssfp,0.0,1752682037
afpoaa,0.0,1752682037
gopinath-munde-shetkari-apghat-suraksha-sanugrah-audhan-yojana,0.0,1752682037
pmjdy,0.0,1752682040
ypidnabftcw,0.0,1752682043
asfrfevcsea,0.0,1752682043
famtw,0.0,1752682045
seh-tmdummapuy,0.0,1752682049
lbssf-gtl,0.0,1752682049
mawlftcw,0.0,1752682050
gqcrc,0.0,1752682050
sahayta,0.0,1752682052
giatb,0.0,1752682055
am-gris,0.0,1752682056
lbssk-sms,0.0,1752682056
apds,0.0,1752682062
adtwsfe,0.0,1752682064
nsych,0.0,1752682064
psft,0.0,1752682064
spwfrpsmb-faascdmf,0.0,1752682066
dbftcwwb,0.0,1752682067
dlbe,0.0,1752682070
mvyspy,0.0,1752682072
ssds,0.0,1752682076
makbocwwb,0.0,1752682077
tecis,0.0,1752682078
nreis,0.0,1752682078
ismpsssqc,0.0,1752682079
mabcstss,0.0,1752682080
jh,0.0,1752682084
ssbc,0.0,1752682086
needs,0.0,1752682090
tmtsbg-pme,0.0,1752682092
ismpsscis,0.0,1752682092
kapy,0.0,1752682093
iflcbocwwb,0.0,1752682094
socka-tn,0.0,1752682096
dgy,0.0,1752682099
mkvymp,0.0,1752682101
ai-rtf,0.0,1752682104
yipjk,0.0,1752682107
speoscelu,0.0,1752682107
uea,0.0,1752682108
pgsgategpatqspmtmempugc,0.0,1752682108
dapjsss,0.0,1752682110
bns,0.0,1752682112
skgbcsy,0.0,1752682114
kmymp,0.0,1752682118
giatngorhcavpusd,0.0,1752682121
moefccis,0.0,1752682121
mssp-uw,0.0,1752682122
clssmig,0.0,1752682122
hoapdvsra,0.0,1752682123
qip,0.0,1752682126
cmchis-tn,0.0,1752682129
dp-cmsguy,0.0,1752682131
fatngo,0.0,1752682136
sprs,0.0,1752682136
makabbocwwb,0.0,1752682136
fawwdf,0.0,1752682136
thgmbs,0.0,1752682137
scss,0.0,1752682140
ofoe,0.0,1752682142
vidya,0.0,1752682144
pbs-hbocwwb,0.0,1752682148
cmmfi,0.0,1752682149
pdfscstc,0.0,1752682149
mgod,0.0,1752682150
gvatbshsdocfvs,0.0,1752682150
cm-swaniyojan-yojana,0.0,1752682153
sdsspd,0.0,1752682156
atppe,0.0,1752682159
gws,0.0,1752682162
nssw,0.0,1752682164
asymp,0.0,1752682164
ssieemaf,0.0,1752682165
nsbgs,0.0,1752682165
dmochn,0.0,1752682168
asfcw,0.0,1752682171
ira-wrflsncs,0.0,1752682173
csy-j,0.0,1752682176
dacssiselosobcebc,0.0,1752682178
serb-star,0.0,1752682178
smaspg,0.0,1752682178
svnspy,0.0,1752682179
nmeo-op,0.0,1752682182
bsjis,0.0,1752682185
cmat-ap,0.0,1752682187
sasy,0.0,1752682189
hesdgs,0.0,1752682191
pscbocw,0.0,1752682191
vfmbs,0.0,1752682191
famcofg,0.0,1752682192
pktnampy,0.0,1752682194
absy,0.0,1752682199
e-yuvase-yuvac,0.0,1752682200
evrmnmasfdopwsii,0.0,1752682203
soegftporboa,0.0,1752682206
oapsucmupt,0.0,1752682206
suvesfwcpbocwwb,0.0,1752682206
dvps,0.0,1752682207
gspmsfv,0.0,1752682207
tsnucy,0.0,1752682212
mj-fapm,0.0,1752682215
nts-pg,0.0,1752682217
chief-minister-sustainable-agriculture-irrigation-scheme,0.0,1752682219
rksyr,0.0,1752682219
cisitites-mesifai,0.0,1752682220
dbhchh,0.0,1752682220
fp,0.0,1752682221
wbissqi,0.0,1752682227
smile-skill-and-training,0.0,1752682229
rsseehmsie-mp,0.0,1752682229
msvss,0.0,1752682232
maspsy,0.0,1752682233
sfava,0.0,1752682233
vps,0.0,1752682233
wit,0.0,1752682234
ssyup,0.0,1752682240
upmbsyg,0.0,1752682242
soapttikaa,0.0,1752682242
bbgspbocwwb,0.0,1752682245
sssghid,0.0,1752682246
fcds,0.0,1752682246
su-swastha-yojna,0.0,1752682247
dwis,0.0,1752682248
elpd,0.0,1752682253
mrvah,0.0,1752682255
ddkfs,0.0,1752682256
rvp,0.0,1752682259
mcacism-giapsca,0.0,1752682260
cmuccscs,0.0,1752682260
cmdps-sikkim,0.0,1752682262
hascmcwgbocwwb,0.0,1752682263
is,0.0,1752682266
mysyc,0.0,1752682270
pre-st,0.0,1752682271
sisfs-fs,0.0,1752682275
famtj,0.0,1752682275
tksukbocwwb,0.0,1752682276
pmrs,0.0,1752682276
mswr,0.0,1752682278
cs,0.0,1752682280
vssy,0.0,1752682284
bsky-chcsgh,0.0,1752682285
cmsasps,0.0,1752682288
sogateaksa,0.0,1752682288
aphhbocwwb,0.0,1752682288
fsnbcpw,0.0,1752682291
swbcbocwwb,0.0,1752682291
sflvisgpg,0.0,1752682293
ses-goa,0.0,1752682297
psy,0.0,1752682299
bby,0.0,1752682301
fawwiivwwwiiv,0.0,1752682302
apdemnc,0.0,1752682302
reodpbocwwb,0.0,1752682304
tare,0.0,1752682304
pfeslpbtac,0.0,1752682306
orjcvsrva,0.0,1752682311
ipsile,0.0,1752682312
speoepsgugmmapuy,0.0,1752682314
s-kerala,0.0,1752682314
icar-pms-scstc,0.0,1752682315
ss-a,0.0,1752682317
fsmpscsmsgs,0.0,1752682317
otfs-t,0.0,1752682318
egfdftcw,0.0,1752682323
mdmss,0.0,1752682325
rfsms,0.0,1752682326
mvky,0.0,1752682328
sse100bbfsc,0.0,1752682328
fams-hsb,0.0,1752682330
bms,0.0,1752682330
pmkvy-sp,0.0,1752682331
rtfd,0.0,1752682335
htagchrt-2,0.0,1752682337
vvsve,0.0,1752682338
mpmsy,0.0,1752682341
mbspbocwwb,0.0,1752682341
aelss,0.0,1752682342
fds,0.0,1752682342
wbmwwsca,0.0,1752682344
cgilsm,0.0,1752682347
eicccpsrtcctd,0.0,1752682348
sgfaiweps,0.0,1752682351
jmmsy,0.0,1752682353
bsaidspky,0.0,1752682354
mtdy,0.0,1752682354
cmgcpsii,0.0,1752682355
scrimc,0.0,1752682356
fapfpfoobm,0.0,1752682359
sssps,0.0,1752682360
wos-c,0.0,1752682361
sbsky,0.0,1752682365
psp,0.0,1752682366
ltpts,0.0,1752682366
eicfiaycwhi,0.0,1752682367
cmacs,0.0,1752682368
mry,0.0,1752682371
cts,0.0,1752682373
wpwb,0.0,1752682374
cvy-citus,0.0,1752682378
ignvpyrr,0.0,1752682379
gascstpsfcad,0.0,1752682379
sogiafcoae-oms,0.0,1752682380
adps,0.0,1752682380
dfhsscoebc,0.0,1752682383
rtftsccw,0.0,1752682387
iwr,0.0,1752682389
edsc-st-wistem,0.0,1752682393
elsnskfdch,0.0,1752682393
wbafbsfs,0.0,1752682393
gmawd,0.0,1752682394
icar-pmsssstc,0.0,1752682396
fpc,0.0,1752682397
nsky,0.0,1752682402
swsp,0.0,1752682403
rgfis,0.0,1752682407
nassvsbulbpsfsc,0.0,1752682407
rcfscspc,0.0,1752682408
subhadra,0.0,1752682408
sbstspddsy,0.0,1752682410
kpymp,0.0,1752682411
sscssgi,0.0,1752682415
mmajeajcspy,0.0,1752682415
rythu-bima,0.0,1752682419
bslws,0.0,1752682420
jbcmcshsfdc,0.0,1752682422
scsssetul,0.0,1752682422
15dsugt,0.0,1752682422
icroaip,0.0,1752682423
tncmbs,0.0,1752682429
sseppas,0.0,1752682429
mupsese,0.0,1752682432
jbmpvy,0.0,1752682432
aksmsy,0.0,1752682434
jjais,0.0,1752682436
sfgatta-sa,0.0,1752682436
ffaapbandocwwb,0.0,1752682437
oapwb,0.0,1752682441
seftcw,0.0,1752682442
ddskrgnrfm,0.0,1752682444
serbrss,0.0,1752682445
mbanbocwwb,0.0,1752682447
mpps,0.0,1752682448
fapsmcbocwwb,0.0,1752682448
pmscteoicphh,0.0,1752682449
aasfsv,0.0,1752682453
pkk,0.0,1752682453
aaas-assam,0.0,1752682456
wbafbgia,0.0,1752682456
sitare-ag,0.0,1752682459
spce-mesifa-cii,0.0,1752682460
e-ggddfp,0.0,1752682460
ipsfsafmit,0.0,1752682460
swlhps,0.0,1752682465
smile-scholarship,0.0,1752682466
aillam,0.0,1752682467
giceis,0.0,1752682468
peaceap,0.0,1752682470
hpsjmmssgs,0.0,1752682472
epy-csts,0.0,1752682473
pdf,0.0,1752682474
kspy,0.0,1752682478
kaay,0.0,1752682479
fawddwhlwb,0.0,1752682480
tawfa,0.0,1752682480
soefatfatftpomic,0.0,1752682483
pmgdisha,0.0,1752682485
hpmvssp,0.0,1752682486
stiti,0.0,1752682486
nsa,0.0,1752682490
ssscsss,0.0,1752682491
fac-hlwb,0.0,1752682492
natthe,0.0,1752682492
cmhess,0.0,1752682494
rksy,0.0,1752682497
tce-swd,0.0,1752682498
nhdp-iandts-uh,0.0,1752682498
cis5aciskr-mesifai,0.0,1752682501
far-tbocwwb,0.0,1752682503
aspie,0.0,1752682504
iats,0.0,1752682505
wbsishusathi,0.0,1752682506
dlsk,0.0,1752682509
vaibhav,0.0,1752682510
ltas,0.0,1752682510
mnmkvpsy,0.0,1752682511
iprrs,0.0,1752682515
bsmdo,0.0,1752682516
matn,0.0,1752682517
kplp,0.0,1752682517
sugtpctrcw-t,0.0,1752682520
ltcpbocwwb,0.0,1752682521
fadpd,0.0,1752682522
cegssc,0.0,1752682523
bse-ie,0.0,1752682526
pds,0.0,1752682527
icar-es,0.0,1752682528
wbiswed,0.0,1752682529
nassvsbdppsfsc,0.0,1752682531
sipgrs-mospi,0.0,1752682533
darygbocwwb,0.0,1752682533
nya,0.0,1752682535
avgsy,0.0,1752682538
ipdop,0.0,1752682538
ssyc,0.0,1752682540
nsc-sl,0.0,1752682541
doci,0.0,1752682542
lhadc,0.0,1752682545
fapnw,0.0,1752682546
nassvsim,0.0,1752682547
ipsftsmppu,0.0,1752682549
issfb,0.0,1752682550
cbts,0.0,1752682551
nhis,0.0,1752682551
klp,0.0,1752682553
cmpsy,0.0,1752682556
mirs,0.0,1752682557
arps,0.0,1752682558
mmapvcspy,0.0,1752682562
mmsagy,0.0,1752682562
mas-glwb,0.0,1752682564
srs,0.0,1752682564
scasc,0.0,1752682565
k-biref,0.0,1752682568
btfvibc,0.0,1752682569
lels,0.0,1752682570
fadse,0.0,1752682573
sspbocwwb,0.0,1752682573
ceaf,0.0,1752682576
rdnccff-sw,0.0,1752682576
dalps,0.0,1752682576
sdftcw,0.0,1752682579
agr4fmsscf,0.0,1752682581
mambocwwb,0.0,1752682581
admptpfdap,0.0,1752682584
adacw,0.0,1752682585
visvas,0.0,1752682587
nsc-se,0.0,1752682588
mmky-rfcs,0.0,1752682588
mkdmaeasybeaskm,0.0,1752682591
tby,0.0,1752682593
fabwaf,0.0,1752682594
kbbmcss,0.0,1752682596
hksadmmyghkdms,0.0,1752682596
lbs-wb,0.0,1752682598
cmfds,0.0,1752682600
fbascs,0.0,1752682600
pm-daksh,0.0,1752682602
tshsbr,0.0,1752682605
aipbo-faascdmf,0.0,1752682606
sias,0.0,1752682608
fc-giapswb,0.0,1752682608
aif,0.0,1752682610
fapsrd,0.0,1752682612
pddbftcw,0.0,1752682612
mbwodapd,0.0,1752682614
csss,0.0,1752682617
safaew-bcew,0.0,1752682618
atpm,0.0,1752682620
sg-sw,0.0,1752682620
nfaschh,0.0,1752682622
cmlh-prem,0.0,1752682623
mes,0.0,1752682625
dg-sw,0.0,1752682627
pcwfsf,0.0,1752682631
ignoaps-sikkim,0.0,1752682632
iamdp,0.0,1752682633
fg-sw,0.0,1752682634
mnbmssy,0.0,1752682635
bsy,0.0,1752682637
pby,0.0,1752682638
qcrs,0.0,1752682640
spfrpcvwnmpcn-faascdmf,0.0,1752682643
maobocwwb,0.0,1752682645
spss-goa,0.0,1752682645
mpss,0.0,1752682647
ggay,0.0,1752682648
ysrkn,0.0,1752682650
pocsm,0.0,1752682652
sosfss,0.0,1752682653
fappsra,0.0,1752682655
pmsssc,0.0,1752682658
nfbks,0.0,1752682658
ghpklsy,0.0,1752682660
s-esdp,0.0,1752682661
lbssf-els,0.0,1752682663
fahbocwwb,0.0,1752682663
adtwstb,0.0,1752682664
cosftcw,0.0,1752682667
sebpu,0.0,1752682669
pmfmpe,0.0,1752682670
fatuvas,0.0,1752682671
mmmsy,0.0,1752682672
dsctaecc,0.0,1752682675
jvk,0.0,1752682675
dbhs-2bhks,0.0,1752682676
kscbocwwb,0.0,1752682678
mppcy,0.0,1752682681
ies,0.0,1752682682
atuf,0.0,1752682683
cmlby,0.0,1752682684
ksetsy,0.0,1752682686
rt,0.0,1752682687
acaobocwwb,0.0,1752682689
npy-jbocwwb,0.0,1752682690
suvesfwpbocwwb,0.0,1752682694
asdtpwff,0.0,1752682694
rgsa,0.0,1752682694
stmas-pbaocwwb,0.0,1752682696
pshbocwwb,0.0,1752682697
smas,0.0,1752682699
fafmftcwd,0.0,1752682702
prashad,0.0,1752682703
sak-deg,0.0,1752682707
cmswca,0.0,1752682707
apmcy,0.0,1752682707
imspeksyrc,0.0,1752682708
otsdfpc,0.0,1752682709
mmky-ntebwa,0.0,1752682711
tihcdohs,0.0,1752682715
fcsv,0.0,1752682716
sheambgoc,0.0,1752682719
tds,0.0,1752682720
fascssmedcpei,0.0,1752682720
lsmfdfbp,0.0,1752682721
svayem,0.0,1752682722
mbpyu,0.0,1752682724
sgassbstaniphsaip-sscp10p2c,0.0,1752682728
pms,0.0,1752682729
nassvsla,0.0,1752682732
sfgfattlhotdawhotdotiawwrfs,0.0,1752682732
anidas,0.0,1752682733
cmpsmp,0.0,1752682735
spremsd,0.0,1752682736
etsy,0.0,1752682737
sjpfsgc,0.0,1752682741
apwesmnc,0.0,1752682742
sspftws,0.0,1752682744
ipsaqc,0.0,1752682745
vdy,0.0,1752682746
isss-oap,0.0,1752682747
fafps,0.0,1752682749
fadc-hbocwwb,0.0,1752682749
kssy,0.0,1752682754
mmkyu,0.0,1752682754
cascspeinnc,0.0,1752682756
skkuy,0.0,1752682758
iscwr,0.0,1752682758
peaceifiear,0.0,1752682761
giaiacinpsc,0.0,1752682764
nsskvy,0.0,1752682764
bplscs,0.0,1752682768
bsp,0.0,1752682769
mmgsy,0.0,1752682771
nassvscb,0.0,1752682772
stl,0.0,1752682772
spara,0.0,1752682775
sftfe,0.0,1752682778
tce-sc,0.0,1752682778
mukuy,0.0,1752682781
ipsaeusd,0.0,1752682782
mvpy-bihar,0.0,1752682784
nsms,0.0,1752682785
mdcas,0.0,1752682786
kssk,0.0,1752682789
wrflsncs-lsa,0.0,1752682791
sdpvc,0.0,1752682791
pofs,0.0,1752682794
dsr,0.0,1752682795
kpdgbcpd,0.0,1752682796
dpabocwwb,0.0,1752682797
isepfo,0.0,1752682800
ssegu10gcp,0.0,1752682802
egpdcdso,0.0,1752682803
gsrmp-dc,0.0,1752682804
prowis-i,0.0,1752682806
nassvsbisscag,0.0,1752682807
sisnhe,0.0,1752682809
mgsapbocwwb,0.0,1752682810
cmfccs,0.0,1752682813
bse,0.0,1752682816
vcsgbocwwb,0.0,1752682818
cssu,0.0,1752682818
s30s,0.0,1752682820
cmhap,0.0,1752682821
skhausy,0.0,1752682824
itiscbic,0.0,1752682824
rsds,0.0,1752682826
cccsaw,0.0,1752682828
ksych,0.0,1752682830
pm-uspycsiss,0.0,1752682831
grsscgs,0.0,1752682831
mdvpay,0.0,1752682832
mi-maha,0.0,1752682837
etftcacotdocs,0.0,1752682838
ics-cbfte,0.0,1752682839
abhb,0.0,1752682840
sogiafcoae-gs,0.0,1752682843
rmewf-disabled-child,0.0,1752682844
afm,0.0,1752682845
ubha,0.0,1752682845
pmsgmb,0.0,1752682851
rf,0.0,1752682852
rgkssy,0.0,1752682853
marry,0.0,1752682854
smsssmbbsacnps,0.0,1752682857
ffes,0.0,1752682857
ghs-pudu,0.0,1752682858
csccwpbocwwb,0.0,1752682859
ssegu10stw,0.0,1752682863
pmsscsn,0.0,1752682865
sgbcs,0.0,1752682865
mvpy,0.0,1752682866
lpsup,0.0,1752682869
sak-dip,0.0,1752682870
rsesthsdo-faascdmf,0.0,1752682870
wbisrsdrf,0.0,1752682871
sspboceeb,0.0,1752682875
gsfmoddw,0.0,1752682876
adas-glwb,0.0,1752682877
tbwodap,0.0,1752682879
sgssds,0.0,1752682881
spfapldcmputp,0.0,1752682882
ttfacfar-2022,0.0,1752682882
ip-mea,0.0,1752682882
faconp,0.0,1752682886
fafwaf,0.0,1752682888
gs-mesifai-vi,0.0,1752682888
affeobocwwb,0.0,1752682890
mip,0.0,1752682893
lkdss,0.0,1752682894
ra,0.0,1752682894
faecrcw,0.0,1752682894
sams,0.0,1752682897
mmssy-hlwb,0.0,1752682900
pmegp,0.0,1752682901
cbssc-tl,0.0,1752682903
gsfmssg,0.0,1752682904
daaa,0.0,1752682906
stlsmeghalaya,0.0,1752682906
aks,0.0,1752682907
gptbbocwwb,0.0,1752682909
abn,0.0,1752682912
isftcw,0.0,1752682914
nsjbsy,0.0,1752682915
tnscr,0.0,1752682916
apun-ghar,0.0,1752682918
tnsfdcis,0.0,1752682919
lts,0.0,1752682919
fafpwsn,0.0,1752682921
sdsscp,0.0,1752682924
farfs,0.0,1752682925
gras,0.0,1752682927
fafpfrgnrgnwa,0.0,1752682928
camvisoftrslshe,0.0,1752682931
mesy,0.0,1752682932
mmhby,0.0,1752682933
spmsd,0.0,1752682933
dp-gbocwwb,0.0,1752682936
gftpotpgftcw,0.0,1752682937
sdyp,0.0,1752682938
isuidai,0.0,1752682939
ssws,0.0,1752682943
tnztbtsfw,0.0,1752682944
ostf,0.0,1752682944
imspesy,0.0,1752682945
otci-citabtct,0.0,1752682947
btlrfp,0.0,1752682949
vpseit,0.0,1752682951
rcs,0.0,1752682952
spsvsgs,0.0,1752682954
docsom,0.0,1752682956
iu-sss-ner,0.0,1752682956
jms-11and12,0.0,1752682956
fp-hsb,0.0,1752682959
iceasd-iced,0.0,1752682961
isac,0.0,1752682964
gspmbws,0.0,1752682964
pmuy2,0.0,1752682967
egsdcppbocwwb,0.0,1752682968
siupd,0.0,1752682970
suwps,0.0,1752682971
ovdf,0.0,1752682972
hliss-glwb,0.0,1752682975
wrms,0.0,1752682977
tfppt,0.0,1752682977
dpmsc,0.0,1752682979
pmsscs-g,0.0,1752682980
financial-assistance-scheme,0.0,1752682982
apmsscs,0.0,1752682983
aay-goa,0.0,1752682984
dpmbocwwb,0.0,1752682986
pbwb,0.0,1752682988
imspeksyrcr,0.0,1752682989
anishi,0.0,1752682991
psmts,0.0,1752682992
gfaprp,0.0,1752682994
ossppms,0.0,1752682994
npcsip,0.0,1752682995
cisscstwe-mesifai,0.0,1752682998
ksdcs,0.0,1752683000
pmssu,0.0,1752683001
sfsa,0.0,1752683003
wbtiswed,0.0,1752683004
dsdais,0.0,1752683006
obs,0.0,1752683006
grhbbocwwb,0.0,1752683007
ptupiwoa50yaa,0.0,1752683009
dpcw,0.0,1752683011
gcrsp-p2,0.0,1752683013
pmmy,0.0,1752683015
sdsl,0.0,1752683015
gsspbocwwb,0.0,1752683017
yipb,0.0,1752683018
itpp-mesifai-sa-msme,0.0,1752683019
faddbcbocwwb,0.0,1752683020
dtlfas,0.0,1752683022
marvs,0.0,1752683025
maftcwsb,0.0,1752683027
bmsmesccs,0.0,1752683028
tps-hgv,0.0,1752683030
cds,0.0,1752683031
mbs-t,0.0,1752683031
skpsy,0.0,1752683033
gefm-mesifai-sa-msme,0.0,1752683034
amas-pbaocwwb,0.0,1752683038
ksymplwb,0.0,1752683039
saviiisbwodap,0.0,1752683040
fasmrwwhbocwwb,0.0,1752683042
scis,0.0,1752683044
kkt,0.0,1752683044
ssstss,0.0,1752683045
pmssts,0.0,1752683047
ehttg,0.0,1752683049
chief-minister-agriculture-and-food-processing-scheme,0.0,1752683052
sspsl,0.0,1752683052
dfshsfdc,0.0,1752683055
adow,0.0,1752683056
yuvasree,0.0,1752683056
rgsaip,0.0,1752683058
mbarhpbe,0.0,1752683059
tfrs,0.0,1752683061
ngiaotk,0.0,1752683063
bbtbdftwodap,0.0,1752683064
ahstc-dc,0.0,1752683065
djkis,0.0,1752683067
sadppfaa,0.0,1752683068
sh,0.0,1752683070
ihd,0.0,1752683070
svby,0.0,1752683073
sse40rbudp,0.0,1752683075
mgmdwdesmd,0.0,1752683075
mccspy,0.0,1752683077
aius,0.0,1752683079
sstsc,0.0,1752683080
isbadp,0.0,1752683082
cmkvy,0.0,1752683083
ipsasmerctse,0.0,1752683084
nrefhrdnre,0.0,1752683086
indagff,0.0,1752683086
nets,0.0,1752683089
satgmsa,0.0,1752683092
nsbhuk,0.0,1752683092
ignwpschh,0.0,1752683094
vdcspds,0.0,1752683095
facvv-nfch,0.0,1752683096
kssugbocwwb,0.0,1752683099
sgatt,0.0,1752683099
ipsfiomca,0.0,1752683100
gghas,0.0,1752683104
svsgcfrss,0.0,1752683104
spaa,0.0,1752683106
sn2408,0.0,1752683106
oay-mesifai-sa-msme,0.0,1752683108
dbs-pbaocwwb,0.0,1752683110
sps-assam,0.0,1752683112
lbssk-spuct,0.0,1752683112
ndafa,0.0,1752683114
aimpwbdop,0.0,1752683115
zbnf,0.0,1752683117
mgs,0.0,1752683118
bhay,0.0,1752683119
pfshsfdc,0.0,1752683120
ohss,0.0,1752683123
dsctawa,0.0,1752683124
naospasa-bnpiocpasa,0.0,1752683126
aamgsiscs,0.0,1752683126
ndacw,0.0,1752683129
facapabgist,0.0,1752683130
kbocwwb,0.0,1752683131
sssvamnapy,0.0,1752683131
agroforestry,0.0,1752683134
pi,0.0,1752683136
tnnaa,0.0,1752683138
nfbs,0.0,1752683139
mmvy,0.0,1752683141
oels,0.0,1752683142
pmsswsutpp,0.0,1752683143
chc,0.0,1752683144
tessdl,0.0,1752683145
fasmmwsw-hlwb,0.0,1752683147
lrsgd,0.0,1752683149
facpwfrpfvcf,0.0,1752683150
fasbbocwwb,0.0,1752683153
dmrnicmasii,0.0,1752683154
aabcs,0.0,1752683154
drpdhma,0.0,1752683155
sogateakia,0.0,1752683157
aewc-mesifai-vi,0.0,1752683159
dorpo,0.0,1752683161
gs-west-bengal,0.0,1752683162
ssshgm,0.0,1752683165
prla,0.0,1752683166
sicmtcpd,0.0,1752683166
hefas-pbaocwwb,0.0,1752683167
qipfu,0.0,1752683169
lpt-gbocwwb,0.0,1752683170
sps,0.0,1752683172
aas,0.0,1752683174
usttad,0.0,1752683176
gidapge,0.0,1752683178
bs-hlwb,0.0,1752683178
nkmds,0.0,1752683179
aicte-spices,0.0,1752683180
madawp-ii,0.0,1752683183
pmsss,0.0,1752683185
saygbocwwb,0.0,1752683186
gbsy,0.0,1752683188
naospasa-bpjmbpasa,0.0,1752683190
ra-hsb,0.0,1752683190
pmjjby,0.0,1752683191
jrfry,0.0,1752683193
mdiis,0.0,1752683196
srms,0.0,1752683198
atihcdohs,0.0,1752683198
edftcw,0.0,1752683201
maabocwwb,0.0,1752683202
rriqsftcw,0.0,1752683203
mns,0.0,1752683204
inspire-ff,0.0,1752683206
fasuseiahsri-mp,0.0,1752683208
sys,0.0,1752683211
ahs,0.0,1752683211
ps,0.0,1752683214
hvcp,0.0,1752683215
gimdap,0.0,1752683216
ngaossandvtd,0.0,1752683216
aan,0.0,1752683218
sspftsc,0.0,1752683221
matnpmvip,0.0,1752683224
prftcw,0.0,1752683225
dwps,0.0,1752683227
srbp,0.0,1752683227
icdpsva-srgu,0.0,1752683229
eaanbocwwb,0.0,1752683229
amsmhsslc,0.0,1752683231
jfbf,0.0,1752683233
cras,0.0,1752683235
vfas,0.0,1752683236
daanbocwwb,0.0,1752683238
sfacd,0.0,1752683240
ismpsssgst,0.0,1752683241
hhjmhhst,0.0,1752683242
ndbs-pbaocwwb,0.0,1752683243
damcyscs,0.0,1752683244
ddskpdfs,0.0,1752683249
cbsp-stc,0.0,1752683250
skerala,0.0,1752683251
agr50s-apt,0.0,1752683253
fatia,0.0,1752683254
dpgsslampgdsc,0.0,1752683256
cmchis,0.0,1752683257
pmgkp,0.0,1752683258
sre-randr,0.0,1752683260
fsppv,0.0,1752683261
kuy-movcdner,0.0,1752683261
stccbocwwb,0.0,1752683265
rraslrrc,0.0,1752683265
sstlsbc,0.0,1752683267
nacoip,0.0,1752683268
ipsfob,0.0,1752683270
aag,0.0,1752683271
swwh,0.0,1752683273
gsdat,0.0,1752683274
srshsfdc,0.0,1752683277
atujtfl,0.0,1752683278
isss-ppcp,0.0,1752683280
darw-hbocwwb,0.0,1752683282
msynskfdc-h,0.0,1752683283
nfbs-sikkim,0.0,1752683283
mmppy,0.0,1752683286
isds,0.0,1752683287
hriday,0.0,1752683290
asha,0.0,1752683292
idcm,0.0,1752683294
sr,0.0,1752683295
oapspbocwwb,0.0,1752683297
sssvpy,0.0,1752683297
aass,0.0,1752683299
doits,0.0,1752683300
bntyy,0.0,1752683303
smshbocwwb,0.0,1752683305
ipsacispg,0.0,1752683306
snpb,0.0,1752683308
sfgcs,0.0,1752683310
gkb,0.0,1752683310
giftmrc,0.0,1752683312
ignwpsb,0.0,1752683312
tcdapsotcb,0.0,1752683316
mpy-mcpnpky,0.0,1752683318
rhsmas,0.0,1752683319
solap,0.0,1752683321
atbwt,0.0,1752683322
domafoc,0.0,1752683323
ggtwsgbocwwb,0.0,1752683325
ignwpsmp,0.0,1752683326
ombgh,0.0,1752683327
kbs,0.0,1752683331
ignoapstn,0.0,1752683332
damcyobcs,0.0,1752683334
faewcpca-hlwb,0.0,1752683334
uy,0.0,1752683335
matnpmvip-tn,0.0,1752683336
sse25rbuwse,0.0,1752683339
sofatia,0.0,1752683341
stssts,0.0,1752683343
lpwtcw,0.0,1752683344
spr,0.0,1752683347
pcwfstfpi,0.0,1752683347
dpiit-is,0.0,1752683347
cpfitp,0.0,1752683349
oaa,0.0,1752683352
mksy,0.0,1752683353
csss-cus,0.0,1752683356
ctms,0.0,1752683357
esdp,0.0,1752683360
fbpmp,0.0,1752683360
srs-goa,0.0,1752683360
pmagy,0.0,1752683363
fawdsddaw,0.0,1752683364
sg,0.0,1752683366
gsis-icfsfpu,0.0,1752683369
adc,0.0,1752683370
inspire-she,0.0,1752683373
amcsy,0.0,1752683373
cm-awards-karmashree,0.0,1752683374
ipiccr,0.0,1752683375
cbssc-amy,0.0,1752683376
pfrs,0.0,1752683379
cdpnerec,0.0,1752683381
ipsafmsme,0.0,1752683383
faocesm,0.0,1752683385
issmp,0.0,1752683386
nhdpccwms,0.0,1752683386
mky,0.0,1752683388
faphfts,0.0,1752683391
chsipni,0.0,1752683392
bpsy,0.0,1752683394
dot-pli-scheme,0.0,1752683396
cmkuy,0.0,1752683399
evtala,0.0,1752683400
jrfrafn,0.0,1752683400
rmewf-education,0.0,1752683401
els-cl2mc,0.0,1752683404
psfdt,0.0,1752683405
pdbftcws,0.0,1752683406
uawesmw-sw,0.0,1752683408
mrcbspbocwwb,0.0,1752683410
cmheess,0.0,1752683412
rgsfsae,0.0,1752683413
nvpy,0.0,1752683413
cmat-spie,0.0,1752683415
bbbp,0.0,1752683418
mmlby,0.0,1752683418
e-m,0.0,1752683420
hiai,0.0,1752683422
rkvyshfvlstl,0.0,1752683425
mkusy,0.0,1752683426
gssa-ds,0.0,1752683426
msssgc,0.0,1752683427
sss,0.0,1752683430
aavy,0.0,1752683431
is-mesifai-vi,0.0,1752683434
faesmw,0.0,1752683435
grants-in-aid-to-scst-patients,0.0,1752683438
srp-hsb,0.0,1752683439
sgngs,0.0,1752683439
tncmfp,0.0,1752683441
pmsfss,0.0,1752683443
mssp-oai,0.0,1752683445
btus,0.0,1752683447
scsfr,0.0,1752683448
pfifllesrs,0.0,1752683452
oah,0.0,1752683452
nassvsbira,0.0,1752683452
nsauabdbrpshapy,0.0,1752683454
sisdgft,0.0,1752683458
tdhrs,0.0,1752683458
ipstsaists,0.0,1752683460
dccrcpu-giapsca,0.0,1752683462
drs,0.0,1752683465
mmuy,0.0,1752683466
ncrfs,0.0,1752683466
mtp-pulws,0.0,1752683467
strtupmpr,0.0,1752683470
hoapssa,0.0,1752683471
nhdp-randds,0.0,1752683472
atlg,0.0,1752683474
wbedrj,0.0,1752683478
mgioeca,0.0,1752683478
lmmls,0.0,1752683478
nassvsaca,0.0,1752683479
otcild-sw,0.0,1752683482
els-nsfdc,0.0,1752683482
cmstsswd,0.0,1752683484
facchbocwwb,0.0,1752683485
sawh,0.0,1752683490
nassvsbpubsopwwsc,0.0,1752683490
bclptls,0.0,1752683490
agr3fmsstf,0.0,1752683491
ag,0.0,1752683495
mbsukbocwwb,0.0,1752683495
ttf,0.0,1752683497
sgsts,0.0,1752683498
isssppcp,0.0,1752683502
mkay,0.0,1752683502
faotndodap,0.0,1752683503
ahtn,0.0,1752683503
pmmsy,0.0,1752683507
faspalscf,0.0,1752683507
avpay,0.0,1752683509
pfjf,0.0,1752683511
mcms-ugsvb-aass,0.0,1752683514
vcfrsk,0.0,1752683514
mssavsy-haryana,0.0,1752683515
aaelss,0.0,1752683515
gtvtswsawwws,0.0,1752683519
mgbby-odisha,0.0,1752683520
fa-hsb,0.0,1752683521
gfaptnsgciwe-glwb,0.0,1752683522
resolpops,0.0,1752683526
wbisps,0.0,1752683527
kps,0.0,1752683527
nswf,0.0,1752683527
mmgy,0.0,1752683532
nclp,0.0,1752683532
sclcss,0.0,1752683533
ksfs,0.0,1752683535
mat-pbaocwwb,0.0,1752683538
gsfe,0.0,1752683539
jmws-assam,0.0,1752683539
rcmrf-aa,0.0,1752683539
svyrfdgpgpc,0.0,1752683544
pmksypdmc,0.0,1752683544
ksysa,0.0,1752683545
lbuars,0.0,1752683546
jrfshss,0.0,1752683550
sss-goa,0.0,1752683550
cmagy,0.0,1752683551
pmsfscs,0.0,1752683551
a-pudu,0.0,1752683557
cpy,0.0,1752683557
himayat,0.0,1752683558
bpdf,0.0,1752683561
smcrcsc,0.0,1752683562
sangch,0.0,1752683563
faoapstbc,0.0,1752683564
hsds,0.0,1752683564
ipsidev,0.0,1752683571
hs,0.0,1752683571
faexgkbocwwb,0.0,1752683573
bpsaec,0.0,1752683575
sms-hlwb,0.0,1752683575
vs-camcd,0.0,1752683576
gsgos,0.0,1752683578
fpktnk,0.0,1752683579
gfsdapomv,0.0,1752683583
kalias,0.0,1752683584
ics-mda,0.0,1752683586
pdos,0.0,1752683587
daps,0.0,1752683588
rrf,0.0,1752683590
pmgsy,0.0,1752683592
smsopm,0.0,1752683592
ba,0.0,1752683596
pmsswcapfar,0.0,1752683597
lascscpt,0.0,1752683598
maay,0.0,1752683599
fapsnsrna,0.0,1752683601
maky,0.0,1752683604
crss,0.0,1752683605
ratvip,0.0,1752683606
mspadsc,0.0,1752683608
isdmtpp,0.0,1752683609
adasgbocwwb,0.0,1752683611
rmewf-penury,0.0,1752683611
wses,0.0,1752683613
nhdp-iandts-emporia,0.0,1752683615
eiccid,0.0,1752683616
tdfs,0.0,1752683618
rtfwesw-sw,0.0,1752683619
sdfrs,0.0,1752683620
vbpa,0.0,1752683622
naepwdnaieepwddklsn,0.0,1752683622
fatcwd-hlwb,0.0,1752683625
ess,0.0,1752683627
mbsapbocwwb,0.0,1752683629
hkpy,0.0,1752683630
dddps-assam,0.0,1752683632
nsokkdaskmkdmaearby,0.0,1752683633
ismpsssd,0.0,1752683635
kvy-k,0.0,1752683636
psbbocwwb,0.0,1752683636
bs,0.0,1752683641
ngin,0.0,1752683641
pmss,0.0,1752683643
dogos,0.0,1752683644
mfs-cl1mc,0.0,1752683645
ddssy,0.0,1752683647
mmssydfahbocwwb,0.0,1752683648
dmcsy,0.0,1752683648
mksyodisha,0.0,1752683653
batcs,0.0,1752683654
aiideals,0.0,1752683656
mssc,0.0,1752683656
ggssgbocwwb,0.0,1752683657
lpas-glwb,0.0,1752683659
cmst-acgtnp,0.0,1752683661
mbwb,0.0,1752683662
asyg,0.0,1752683666
cm-sky,0.0,1752683667
sgiavoowsc,0.0,1752683669
gsblbla,0.0,1752683669
agma,0.0,1752683670
caapbandocwwb,0.0,1752683672
gsca,0.0,1752683674
rosftcw,0.0,1752683675
svucy,0.0,1752683677
serbpowerrg,0.0,1752683680
otsnpa,0.0,1752683681
sse25rbusc,0.0,1752683681
mnsvy,0.0,1752683682
mmmy,0.0,1752683684
pstsrp,0.0,1752683687
bfa,0.0,1752683687
des-sdspdpgc,0.0,1752683690
gmmacl-dc,0.0,1752683693
mbs-hbocwwb,0.0,1752683693
isss-wid,0.0,1752683694
giaspfammwshg,0.0,1752683694
fcfswd,0.0,1752683696
acbbhses,0.0,1752683699
kvsy,0.0,1752683701
dfft-scheme,0.0,1752683703
cbssc-msy,0.0,1752683705
mgtocpp,0.0,1752683705
pahal-dbtl,0.0,1752683707
naip,0.0,1752683707
cmamp,0.0,1752683708
bsepec-cai,0.0,1752683711
pgmssurhula,0.0,1752683713
pdfwc,0.0,1752683714
fsdcwdw,0.0,1752683717
gsp,0.0,1752683718
mgmdwesmww,0.0,1752683719
fdrdap,0.0,1752683719
bmsmewcs,0.0,1752683720
tmvcs,0.0,1752683723
mkky,0.0,1752683725
msvymp,0.0,1752683727
ipsaprtmr,0.0,1752683729
gva,0.0,1752683730
fasuofug,0.0,1752683732
ehftg,0.0,1752683732
fashceescbcs,0.0,1752683733
manf,0.0,1752683735
hppky,0.0,1752683737
bsrs,0.0,1752683739
ignwps-sikkim,0.0,1752683742
cm-yky,0.0,1752683742
sfmb,0.0,1752683745
csssscspscc,0.0,1752683745
pmavssspc,0.0,1752683745
msy,0.0,1752683748
vdrry,0.0,1752683749
ncessis,0.0,1752683751
evrmnmasfdopwsi,0.0,1752683754
brfsy,0.0,1752683755
satptc,0.0,1752683757
sdbppd,0.0,1752683758
hepsn,0.0,1752683760
sasstsap,0.0,1752683761
msc,0.0,1752683761
nsigse,0.0,1752683763
isdelhi,0.0,1752683766
fbmbocwwb,0.0,1752683767
kdky,0.0,1752683769
msdsrp,0.0,1752683770
mdscy,0.0,1752683773
tfapps,0.0,1752683774
pmuy,0.0,1752683775
ignsap,0.0,1752683776
kss,0.0,1752683778
hamcftcw,0.0,1752683778
wbtiswfflcm,0.0,1752683781
gpwrtcw,0.0,1752683782
ssboscbpbs,0.0,1752683785
nassvsbsimwpscapsfsc,0.0,1752683786
gkccsy,0.0,1752683786
bbsy,0.0,1752683787
lpaiis,0.0,1752683790
aihw,0.0,1752683792
nbcfdc-gls,0.0,1752683794
thcsgbocwwb,0.0,1752683794
fcssos,0.0,1752683797
lgss,0.0,1752683798
aniwps,0.0,1752683799
mnsps,0.0,1752683800
ppmbocwwb,0.0,1752683802
bgcrs,0.0,1752683805
wpup,0.0,1752683807
fapsna,0.0,1752683807
fapcnfclt26ffiw,0.0,1752683810
sfurti,0.0,1752683811
vtd,0.0,1752683812
casscsppnjg,0.0,1752683814
csspostmsossi,0.0,1752683816
rsdss,0.0,1752683819
mcsby,0.0,1752683820
ispgrsdgtr,0.0,1752683821
ks,0.0,1752683823
mgodesm,0.0,1752683823
abvky,0.0,1752683825
fasts-gbsy,0.0,1752683827
famdpwog,0.0,1752683829
mssp-pws,0.0,1752683831
sshlwb,0.0,1752683832
rams-to-sheep-breeders,0.0,1752683833
fssdpp,0.0,1752683835
dpyup,0.0,1752683836
ipmwcd,0.0,1752683837
agfiscmpwa,0.0,1752683839
iocfortc,0.0,1752683841
ata-mesifa-cii,0.0,1752683843
epcw,0.0,1752683843
scss-glwb,0.0,1752683844
kscstep-dfp,0.0,1752683847
serb-tetra,0.0,1752683847
dmrnicmasi,0.0,1752683849
mssy,0.0,1752683850
bocs,0.0,1752683852
upoaps,0.0,1752683855
tessdlhp,0.0,1752683855
kt,0.0,1752683855
mtbwodap,0.0,1752683859
rgsry,0.0,1752683859
pofacs,0.0,1752683861
dbsapbandocwwb,0.0,1752683862
sebiitdip,0.0,1752683864
jrcpc,0.0,1752683866
eaabocwwb,0.0,1752683867
akpsy,0.0,1752683868
naospasa-bri,0.0,1752683871
uky,0.0,1752683871
ltfhrdphr,0.0,1752683872
dhausy,0.0,1752683873
e-nam,0.0,1752683876
csy,0.0,1752683879
iirps,0.0,1752683879
asoncutp,0.0,1752683879
mkaps,0.0,1752683882
dpsuk,0.0,1752683884
gfapphoogcws81s,0.0,1752683884
gpy,0.0,1752683885
mmky-fanben,0.0,1752683888
msgsy,0.0,1752683891
agr2fmsfotscst,0.0,1752683892
mpppy,0.0,1752683892
gtachcw,0.0,1752683895
pksk,0.0,1752683897
msymc,0.0,1752683897
mmky-iaftufffp,0.0,1752683897
faaadp,0.0,1752683900
mmny,0.0,1752683903
vspgsc,0.0,1752683904
ipm,0.0,1752683904
ttscandbc,0.0,1752683905
matdapmdap,0.0,1752683908
pmsswwcpfp,0.0,1752683909
famwwdwhlwb,0.0,1752683910
ts-kerala,0.0,1752683911
sfpbttjp,0.0,1752683914
assy-goa,0.0,1752683916
gvmccgs,0.0,1752683917
ptwadwc,0.0,1752683917
kvy,0.0,1752683920
ibrs,0.0,1752683922
wbrupashree,0.0,1752683922
lssas,0.0,1752683922
shs,0.0,1752683926
ttr,0.0,1752683928
fwpspbocwwb,0.0,1752683930
rgnfscc,0.0,1752683930
ap-msscssvixsgsgrpsutp,0.0,1752683933
tshmcy,0.0,1752683935
eacvc,0.0,1752683936
hea,0.0,1752683936
bmsmeps,0.0,1752683939
beis,0.0,1752683941
sag,0.0,1752683942
gtegp,0.0,1752683943
apdccstaspstc,0.0,1752683945
vsylwb,0.0,1752683946
rgpswobh,0.0,1752683948
ueastn,0.0,1752683949
sdrfs,0.0,1752683951
svpmss,0.0,1752683953
wbisaito,0.0,1752683954
pbftcw,0.0,1752683955
secoii,0.0,1752683958
msmsy,0.0,1752683959
naepwdnaieepwdsbakkbvksmsrutz,0.0,1752683960
cmenspy,0.0,1752683961
mpy,0.0,1752683964
ltcs-hlwb,0.0,1752683965
gfampmblpl,0.0,1752683966
nhdp-dba-saic,0.0,1752683967
gpbbbocwwb,0.0,1752683969
nkymp,0.0,1752683970
naepwdnaieepwddksmksspriongo,0.0,1752683973
bsepec-caf,0.0,1752683974
yhs,0.0,1752683976
soefmgttfotdfa,0.0,1752683977
aktinf,0.0,1752683978
avy,0.0,1752683979
sasseceie,0.0,1752683981
bdps,0.0,1752683982
ops,0.0,1752683985
cissgd,0.0,1752683987
mb-gbocwwb,0.0,1752683988
hssgbocwwb,0.0,1752683989
dk,0.0,1752683990
nfsmcss,0.0,1752683991
wbafbssdm,0.0,1752683994
atwsfww,0.0,1752683995
iasri-scholarship,0.0,1752683996
adwb,0.0,1752683999
pmbjp,0.0,1752684000
ipszed,0.0,1752684000
domoppe,0.0,1752684001
piso,0.0,1752684003
plisaaci,0.0,1752684006
cts-maharashtra,0.0,1752684007
sdt-90dsdtpcgs,0.0,1752684009
oexp-mesifai-sa-msme,0.0,1752684009
sdys2016,0.0,1752684012
sapaandsdasdsggiapfafsd,0.0,1752684013
sssbmbcascvssvs,0.0,1752684013
vnmatv,0.0,1752684014
apdccsscspscc,0.0,1752684017
isscpswhse,0.0,1752684018
cmegp,0.0,1752684020
sndaygbocwwb,0.0,1752684021
sip,0.0,1752684024
mbmbocwwb,0.0,1752684025
gsae,0.0,1752684025
drfdamt,0.0,1752684027
easppsccwrmbocwwb,0.0,1752684028
smmgnu,0.0,1752684031
rmewf,0.0,1752684033
fapscpspi,0.0,1752684034
ftfhbocwwb,0.0,1752684036
nsatsy,0.0,1752684037
ef,0.0,1752684037
ifticmc,0.0,1752684039
ssmm,0.0,1752684041
kjmpampky,0.0,1752684043
imcsw1012chbocwwb,0.0,1752684043
nfbsb,0.0,1752684045
tmshkbocwwb,0.0,1752684047
sasi,0.0,1752684048
bjrcy,0.0,1752684049
apspmss,0.0,1752684050
edp-dc,0.0,1752684053
iteams,0.0,1752684055
myyyt,0.0,1752684056
mcip,0.0,1752684056
sfs,0.0,1752684060
wos-a,0.0,1752684060
dysrhis,0.0,1752684061
hmneh,0.0,1752684062
mrfss,0.0,1752684064
necms,0.0,1752684066
ifmws,0.0,1752684067
fagh,0.0,1752684068
fae-gbocwwb,0.0,1752684071
peacedea,0.0,1752684073
cecdcs,0.0,1752684073
ioaibfcpbic,0.0,1752684074
gtadap,0.0,1752684075
rclpap,0.0,1752684080
dbanbocwwb,0.0,1752684080
sstvsielwccrr,0.0,1752684081
nfandshests,0.0,1752684083
aladss,0.0,1752684086
pregnant-desiindigenous-cows-ration,0.0,1752684086
yip,0.0,1752684086
prljrf,0.0,1752684087
oahtn,0.0,1752684091
ascfiscmpa,0.0,1752684092
lcta,0.0,1752684092
tmvsy-ajjap,0.0,1752684095
bas,0.0,1752684096
ascbutpsrimcd,0.0,1752684098
pps,0.0,1752684098
mas-pbaocwwb,0.0,1752684098
mbbwwb,0.0,1752684102
sphhsy,0.0,1752684103
tmdvso,0.0,1752684104
ipwccb,0.0,1752684105
majeajcay,0.0,1752684107
vsympbocwwb,0.0,1752684110
lls-g,0.0,1752684110
sbygbocwwb,0.0,1752684110
dpps,0.0,1752684113
jrfbio,0.0,1752684115
mbpy,0.0,1752684117
atnmasfogi,0.0,1752684119
ids-mesifa-cii,0.0,1752684120
wbtisscis,0.0,1752684122
cmsrdf,0.0,1752684122
pre-sc,0.0,1752684123
ipmdct,0.0,1752684125
mbbsgbocwwb,0.0,1752684127
sgassobcaniphsaislecxixii,0.0,1752684128
scy,0.0,1752684130
spadap,0.0,1752684131
dfbs,0.0,1752684133
dbgmig,0.0,1752684134
akbhcy,0.0,1752684135
bsy-pudu,0.0,1752684135
mmvenay,0.0,1752684139
mmmnssyhbocwwb,0.0,1752684141
ss-west-bengal,0.0,1752684143
dbobocwwb,0.0,1752684143
bpsalapsg,0.0,1752684146
dfbsscsts,0.0,1752684147
iftsm,0.0,1752684147
ysrpk,0.0,1752684148
aasra,0.0,1752684152
vssay,0.0,1752684153
thayi-bhagya,0.0,1752684155
hmcpf,0.0,1752684156
afpsebocwwb,0.0,1752684158
ciwesm-as,0.0,1752684158
gsdatvti,0.0,1752684159
mlsp,0.0,1752684161
ab-pmjay,0.0,1752684163
ipiwai,0.0,1752684164
sgfaarsaaowdfrs,0.0,1752684166
ignwpstn,0.0,1752684168
vsy,0.0,1752684171
dbsalhsifc,0.0,1752684172
intss,0.0,1752684172
larlbasdaap,0.0,1752684173
e-yuvasbirace-yuvafugs,0.0,1752684177
mbdakbocwwb,0.0,1752684179
tssad,0.0,1752684180
n-pdf,0.0,1752684182
crs,0.0,1752684185
sse25krbust,0.0,1752684185
apwesmc,0.0,1752684185
csmsu,0.0,1752684186
edpedp,0.0,1752684190
socka,0.0,1752684192
fmuifdsgc,0.0,1752684193
mmscvy,0.0,1752684194
vpls,0.0,1752684197
bdy,0.0,1752684198
mnmsusy,0.0,1752684198
casprescs,0.0,1752684199
kbpyy,0.0,1752684201
lbs,0.0,1752684205
cnkgs,0.0,1752684206
mdsa-mesifai-vi,0.0,1752684206
adbs-pbaocwwb,0.0,1752684209
icar-npanf,0.0,1752684210
mmssy,0.0,1752684211
rsdarc,0.0,1752684212
pfcwdnh,0.0,1752684213
ciss,0.0,1752684216
bmsmewwas,0.0,1752684217
sib,0.0,1752684218
bhsstg,0.0,1752684220
fadsp1012e,0.0,1752684221
wbkanyashree,0.0,1752684223
ftis,0.0,1752684223
affdf-serious-disease-treatment,0.0,1752684225
atdap,0.0,1752684227
wpcbocwwb,0.0,1752684229
kgp-goa,0.0,1752684229
dcgs-pulws,0.0,1752684231
feed-the-seed,0.0,1752684233
ma-abocwwb,0.0,1752684235
mbmbocwwb-meghalaya,0.0,1752684236
cacbwodap,0.0,1752684237
lrss,0.0,1752684239
cdpnerqucsbp,0.0,1752684241
amptmsy,0.0,1752684241
ati,0.0,1752684243
ltmbocwwb,0.0,1752684246
sei,0.0,1752684247
apsfa,0.0,1752684249
ssst-pts,0.0,1752684249
sgpd,0.0,1752684251
gfapscplw,0.0,1752684253
a2ks,0.0,1752684254
swcncp,0.0,1752684255
hposec,0.0,1752684258
farmer-insurance,0.0,1752684259
tpgftcw,0.0,1752684260
ls,0.0,1752684260
ses,0.0,1752684263
thrgrr-sw,0.0,1752684265
oapsapbandocwwb,0.0,1752684266
fafvrdfparfv,0.0,1752684266
ipsais,0.0,1752684269
bmsmeprs,0.0,1752684270
gsvsps,0.0,1752684273
famc-hbocwwb,0.0,1752684273
ssspy,0.0,1752684276
petalse,0.0,1752684277
pg-igssgc,0.0,1752684278
rggbkmny,0.0,1752684279
ysrc,0.0,1752684281
els-cl1mc,0.0,1752684282
asyadcf,0.0,1752684285
cmst,0.0,1752684286
phms,0.0,1752684288
pbby,0.0,1752684289
mtdip,0.0,1752684290
da-60ada,0.0,1752684291
widushi,0.0,1752684293
psftj,0.0,1752684294
ssiemafsc,0.0,1752684298
nts-ug,0.0,1752684299
rkvyshfshc,0.0,1752684301
mmspvyhbocwwb,0.0,1752684302
ipshaaciec,0.0,1752684302
jav,0.0,1752684303
matsap,0.0,1752684306
mawcihbocwwb,0.0,1752684307
infs-mesifai,0.0,1752684309
biocare,0.0,1752684311
spgiacomrg,0.0,1752684314
eafa,0.0,1752684314
gimbdapnp,0.0,1752684315
sasjfopfc,0.0,1752684316
pss,0.0,1752684317
cmnsy,0.0,1752684319
bbs,0.0,1752684321
pgspcscstc,0.0,1752684323
stphcsi,0.0,1752684326
mtc,0.0,1752684326
gittpwd,0.0,1752684327
dbmbocwwb,0.0,1752684328
udps,0.0,1752684329
nbm,0.0,1752684331
tpa,0.0,1752684333
eacw,0.0,1752684336
rpsbwodapd,0.0,1752684339
mnssby,0.0,1752684339
sdbwaw,0.0,1752684339
ysrebcn,0.0,1752684340
mnsasy,0.0,1752684341
sgrcsl,0.0,1752684344
fwsscstsphe,0.0,1752684346
tessitil,0.0,1752684349
vs-fausmphs,0.0,1752684352
sfsmttpotc,0.0,1752684352
slstt,0.0,1752684352
scddrge,0.0,1752684353
igstcifphdief,0.0,1752684354
ss-k,0.0,1752684357
rmfgp,0.0,1752684359
ftstbdp,0.0,1752684362
igndpschh,0.0,1752684365
tujtpft,0.0,1752684365
dak,0.0,1752684365
gobardhan,0.0,1752684366
cmcsrs,0.0,1752684367
mgnrega,0.0,1752684369
yspncp,0.0,1752684371
jc,0.0,1752684374
eacp,0.0,1752684378
cdpnerqucsecoc,0.0,1752684379
bysy,0.0,1752684379
slg,0.0,1752684379
beds,0.0,1752684381
atnmasfogii,0.0,1752684383
fasuccu,0.0,1752684385
wbtisrsdre,0.0,1752684387
sfg,0.0,1752684391
fambbocwwb,0.0,1752684391
bhausaheb-fundkar-horticulture-plantataion-scheme,0.0,1752684392
rgkny,0.0,1752684392
pfs-hsfdc,0.0,1752684393
nmnf,0.0,1752684395
ahst,0.0,1752684397
sanfsosms,0.0,1752684399
psa,0.0,1752684402
afpobbocwwb,0.0,1752684403
soefatndp,0.0,1752684404
maynskfdc-h,0.0,1752684404
aels,0.0,1752684405
dpgsslamgsc,0.0,1752684406
wbfs,0.0,1752684408
fssm,0.0,1752684411
fatits,0.0,1752684415
tps,0.0,1752684416
isfsr,0.0,1752684418
pfaavs,0.0,1752684418
icdss,0.0,1752684418
slesvkspy,0.0,1752684420
lvsh,0.0,1752684422
isrs,0.0,1752684423
post-st,0.0,1752684427
ssmp,0.0,1752684429
icds-chandigarh,0.0,1752684431
eapfdap,0.0,1752684431
fgc,0.0,1752684431
igsccy,0.0,1752684433
pmkvy-rpl,0.0,1752684434
akgbcsy,0.0,1752684435
awvsssi,0.0,1752684440
gscai,0.0,1752684442
mbobocwwb,0.0,1752684443
ss-dadra-and-nagar-haveli-and-daman-and-diu,0.0,1752684443
kbnmy,0.0,1752684443
aniadws,0.0,1752684446
rcsmms,0.0,1752684448
ft,0.0,1752684448
islaaa,0.0,1752684452
cmgcpsi,0.0,1752684454
mafpawmd,0.0,1752684455
essstj,0.0,1752684456
rsb,0.0,1752684456
tbsshsfdc,0.0,1752684458
ofojs,0.0,1752684458
prlvishwas,0.0,1752684461
fafeftcw,0.0,1752684461
disabled-pension,0.0,1752684467
sogateakva,0.0,1752684469
mbvs,0.0,1752684470
mrf,0.0,1752684470
smsm,0.0,1752684470
tgsctclvccmuo,0.0,1752684471
fs,0.0,1752684474
ssds-punjab,0.0,1752684475
backward-classes,0.0,1752684480
fapmdcbcbocwwb,0.0,1752684482
syps,0.0,1752684483
mfs-cl2mc,0.0,1752684483
faabocwwb,0.0,1752684484
scdf,0.0,1752684486
25-ciss,0.0,1752684487
asdaps,0.0,1752684488
nsat,0.0,1752684495
pks,0.0,1752684497
ral,0.0,1752684498
amrut,0.0,1752684498
vs-eacdp,0.0,1752684498
evgodrsd,0.0,1752684500
fss,0.0,1752684502
srspy,0.0,1752684502
ttdf,0.0,1752684508
rkvy,0.0,1752684510
igndps,0.0,1752684511
cvsaakbamrsanklsay,0.0,1752684511
dcs-hlwb,0.0,1752684513
sbssps,0.0,1752684514
igstcif-pdif,0.0,1752684514
mmksy,0.0,1752684515
fpmbocwwb,0.0,1752684520
cmmfbdsf-faascdmf,0.0,1752684524
maflap,0.0,1752684524
uppy,0.0,1752684525
haryana-building-and-other-construction-workers-welfare-board,0.0,1752684525
hdtnsypmp,0.0,1752684528
afag,0.0,1752684528
dbjrlcwscs,0.0,1752684528
pdp,0.0,1752684534
apsdap,0.0,1752684537
fawgav,0.0,1752684537
igndps-sikkim,0.0,1752684539
naps,0.0,1752684539
ddsy,0.0,1752684542
cmses,0.0,1752684543
mefarsi,0.0,1752684543
ied,0.0,1752684547
oasas,0.0,1752684550
icar-ep,0.0,1752684550
nsap-ignoaps,0.0,1752684553
svyfdb,0.0,1752684553
ccskpy,0.0,1752684554
sdtk,0.0,1752684555
oscste-mesifai-sa-msme,0.0,1752684556
eicftvi,0.0,1752684560
fasgbocwwb,0.0,1752684563
bse-g,0.0,1752684564
sss-gujarat,0.0,1752684565
mmsby,0.0,1752684566
dbramsas,0.0,1752684567
fabesm,0.0,1752684567
k-pudu,0.0,1752684570
pm-yasasvitcseobcebcdnts,0.0,1752684572
fmtsfpwd,0.0,1752684575
pecfar,0.0,1752684576
alaes,0.0,1752684577
ees,0.0,1752684579
smam,0.0,1752684580
hiip,0.0,1752684581
fasiiiaivcp,0.0,1752684582
doshc,0.0,1752684584
tfefvssshs,0.0,1752684587
snsukbocwwb,0.0,1752684588
cambocwwb,0.0,1752684589
ghcsscp,0.0,1752684591
dbramascs,0.0,1752684592
cec,0.0,1752684593
fam-gbocwwb,0.0,1752684594
ssps,0.0,1752684596
faecbobocwwb,0.0,1752684600
elsnsfdc,0.0,1752684601
fatmtfeodap,0.0,1752684602
cbsp-ep,0.0,1752684603
ptascsss1112gs,0.0,1752684606
nfos,0.0,1752684606
skbrcsy,0.0,1752684607
faaca,0.0,1752684608
easukbocwwb,0.0,1752684612
nsy,0.0,1752684612
mtyyd,0.0,1752684613
bwbwodapd,0.0,1752684615
alsias,0.0,1752684618
rcs-pbaocwwb,0.0,1752684618
paloadbocw,0.0,1752684619
mrcddv,0.0,1752684619
adtwdiap,0.0,1752684624
e-yuvasbiraciffpga,0.0,1752684624
sjgdys2016,0.0,1752684625
mjpovnbcebcs,0.0,1752684626
srcs,0.0,1752684629
avpv,0.0,1752684630
adcmptp,0.0,1752684630
fapbnia,0.0,1752684631
fvhthbocwwb,0.0,1752684636
copkbocwwb,0.0,1752684636
rgisfm,0.0,1752684636
fafeoscob,0.0,1752684638
iaris,0.0,1752684640
oe-mesifai-sa-msme,0.0,1752684641
epcmrs,0.0,1752684642
vt-pudu,0.0,1752684642
sitviiisbwodap,0.0,1752684647
mbs-pulws,0.0,1752684648
estascs,0.0,1752684648
ma-gbocwwb,0.0,1752684649
gfasgciwes1t4ssosu,0.0,1752684653
ayuvfak,0.0,1752684653
ala,0.0,1752684653
ta,0.0,1752684655
dpgsslalgsc,0.0,1752684660
dicf,0.0,1752684660
ipsafcis,0.0,1752684661
mt-pudu,0.0,1752684662
mgwwdesm,0.0,1752684665
trs-goa,0.0,1752684666
pbanbocwwb,0.0,1752684666
hfsaed,0.0,1752684666
mafcw,0.0,1752684671
sprpd,0.0,1752684672
sogateakna,0.0,1752684674
nhs-west-bengal,0.0,1752684675
apy-jbocwwb,0.0,1752684678
sksptyy,0.0,1752684679
sws,0.0,1752684679
mjpmsky,0.0,1752684680
pmv,0.0,1752684684
gmwesnil-sw,0.0,1752684684
eicca,0.0,1752684685
anby,0.0,1752684687
iicmscc,0.0,1752684690
gpcs,0.0,1752684691
dpswdwp,0.0,1752684691
cmpvy,0.0,1752684692
scds,0.0,1752684695
onorc,0.0,1752684696
kkjby,0.0,1752684697
midhhmneh-meghalaya,0.0,1752684698
cis,0.0,1752684700
mwfhjwy,0.0,1752684702
asttpsu,0.0,1752684702
darwhbocwwb,0.0,1752684703
ipesdrcwhbocwwb,0.0,1752684705
spiltpfacsg,0.0,1752684707
bse-6c10c,0.0,1752684708
cmhisn,0.0,1752684709
js-esdcv,0.0,1752684711
mbay,0.0,1752684714
inspire-i,0.0,1752684715
sbm-u,0.0,1752684715
pb-tbocww,0.0,1752684717
pmkvy-stt,0.0,1752684718
mlgs,0.0,1752684720
mnskbhncsy,0.0,1752684722
mtyy,0.0,1752684723
tjhis,0.0,1752684726
pss-goa,0.0,1752684727
igndpsb,0.0,1752684727
icar-srf-pgs,0.0,1752684729
bpftcw,0.0,1752684729
nmmss,0.0,1752684732
jrfst,0.0,1752684733
hmcc,0.0,1752684735
pas,0.0,1752684738
bps,0.0,1752684739
osfst,0.0,1752684740
lvc,0.0,1752684741
ppma,0.0,1752684741
naospasa-bac,0.0,1752684744
icar-jrf-pgs,0.0,1752684744
iss-goa,0.0,1752684746
ma-anbocwwb,0.0,1752684750
ei-mesifai,0.0,1752684750
ascswstrsdlsxxiisma,0.0,1752684751
mdas,0.0,1752684752
gssy,0.0,1752684754
mpdicbrsbfscc,0.0,1752684756
nassvsc,0.0,1752684757
rad,0.0,1752684758
stfhrdphr,0.0,1752684761
cbs-pbaocwwb,0.0,1752684762
cpis,0.0,1752684763
vay,0.0,1752684763
ssyh,0.0,1752684766
gspv,0.0,1752684767
bydbta,0.0,1752684768
anky,0.0,1752684769
dsctar,0.0,1752684773
pchcw,0.0,1752684774
cfm,0.0,1752684776
ismpssee,0.0,1752684776
syss,0.0,1752684777
lbssk-suy,0.0,1752684779
mjpjay,0.0,1752684780
sitare-gyti,0.0,1752684781
ma-maha,0.0,1752684786
bys,0.0,1752684786
sda2013,0.0,1752684788
otgmp,0.0,1752684788
nassvsbpsopwwsc,0.0,1752684789
cistai-mesifai,0.0,1752684792
stls,0.0,1752684792
masglwb,0.0,1752684794
rrsdmsmecpu,0.0,1752684798
ddanwrasi,0.0,1752684799
ssddap-pudu,0.0,1752684800
pmrbp,0.0,1752684800
day-nrlm,0.0,1752684801
gfadap,0.0,1752684804
apdesmc,0.0,1752684804
sagb,0.0,1752684806
obdopmtig,0.0,1752684811
npy,0.0,1752684812
stastya,0.0,1752684813
smile,0.0,1752684813
maayu,0.0,1752684813
masgbocwwb,0.0,1752684817
sipprl,0.0,1752684818
suurg,0.0,1752684819
ersych,0.0,1752684823
dapjakmsis,0.0,1752684824
nspgy,0.0,1752684824
isec,0.0,1752684825
supk,0.0,1752684825
iatc,0.0,1752684830
acandabc,0.0,1752684831
igndpstn,0.0,1752684832
smts-glwb,0.0,1752684836
mtamsy,0.0,1752684837
l50ss,0.0,1752684838
paapwd,0.0,1752684839
sdrs,0.0,1752684839
pssppy,0.0,1752684842
tgjy,0.0,1752684845
aocpscgs,0.0,1752684846
aos,0.0,1752684848
wiser,0.0,1752684850
fsr,0.0,1752684851
oadp,0.0,1752684852
nyc,0.0,1752684852
ysrnn,0.0,1752684854
famcw,0.0,1752684858
matidp,0.0,1752684858
bpsabcpsg,0.0,1752684859
faimcescstc,0.0,1752684863
atesgephmesthrt3,0.0,1752684864
lps,0.0,1752684864
amas-haryana,0.0,1752684865
nsklvrpbkpy,0.0,1752684865
psgs-deg,0.0,1752684869
scbdaep,0.0,1752684870
pgy,0.0,1752684871
goc,0.0,1752684875
icwf,0.0,1752684875
hasukbocwwb,0.0,1752684876
rescaw,0.0,1752684876
mgs-goa,0.0,1752684878
jpsky,0.0,1752684882
mskscy,0.0,1752684882
sfapmrj,0.0,1752684884
hss,0.0,1752684887
skpcsy,0.0,1752684887
fssdu,0.0,1752684888
isshsfdc,0.0,1752684889
dls-punjab,0.0,1752684890
ns-icarif,0.0,1752684895
sogateakma,0.0,1752684896
els,0.0,1752684897
scymp,0.0,1752684900
ipshacihh,0.0,1752684900
sts,0.0,1752684902
aes,0.0,1752684902
nfbsup,0.0,1752684903
gpwtobocwwb,0.0,1752684907
ismpswed,0.0,1752684909
mafcws,0.0,1752684910
wbisaige,0.0,1752684913
mcbsy,0.0,1752684913
kbvhsusy,0.0,1752684914
ssddap,0.0,1752684915
rttuw,0.0,1752684915
kcc,0.0,1752684921
vds,0.0,1752684922
hdps,0.0,1752684922
fahmhawd-hlwb,0.0,1752684925
gssby,0.0,1752684925
cmfbs,0.0,1752684927
kscsterf,0.0,1752684928
tascs12s,0.0,1752684928
igucy,0.0,1752684934
stsemstsmcupscviii,0.0,1752684936
scast,0.0,1752684936
dsc,0.0,1752684938
ad-hsb,0.0,1752684938
sagy,0.0,1752684941
ssvy,0.0,1752684942
prism-c1-pcpm,0.0,1752684943
scossi,0.0,1752684946
eacwhf-kerala,0.0,1752684949
inspire-f,0.0,1752684949
psgs-dip,0.0,1752684951
tnfcr,0.0,1752684952
facbocwwb,0.0,1752684953
fanf-pwd,0.0,1752684955
icmr-pdf,0.0,1752684956
bnpfrs,0.0,1752684959
uascs,0.0,1752684963
auscstpaa,0.0,1752684963
gs-mesifai,0.0,1752684965
ccdp,0.0,1752684965
pm-svanidhi,0.0,1752684966
tsigc,0.0,1752684969
bsmasukbocwwb,0.0,1752684970
ts-ds,0.0,1752684972
vky,0.0,1752684976
fa-gbocwwb,0.0,1752684976
kshbocwwb,0.0,1752684978
spfafgiabccgipmi,0.0,1752684979
arogya-lakshmi,0.0,1752684979
wcdcls,0.0,1752684981
kpsap,0.0,1752684982
isss-pot,0.0,1752684985
pocs,0.0,1752684989
qpsd,0.0,1752684989
inyts,0.0,1752684992
dpaexgkbocwwb,0.0,1752684993
metfmaiswb,0.0,1752684993
cmkry,0.0,1752684995
gstecs,0.0,1752684995
ticcotdocs,0.0,1752684998
mfal,0.0,1752685001
bulk_v1_15dsugt,0.0,1752721937
bulk_v1_25-ciss,0.0,1752721942
bulk_v1_40shydcs,0.0,1752721947
